id,companyId,name,description,careerPageName,type,publishedDate,isRemoteWork,city,state,country,JobLink,searchDate
9310827,60427,Assessor de Investimentos | Cascavel - PR  ,"Atue com Assessoria de Investimentos em um dos melhores escritÃ³rios do Brasil. Construa conosco uma carreira baseada em relacionamentos sÃ³lidos e duradouros com seus clientes.RESPONSABILIDADES- AtuaÃ§Ã£o comercial voltada Ã  estratÃ©gias personalizadas para prospecÃ§Ã£o de novos clientes e gestÃ£o de relacionamento;- AtribuiÃ§Ãµes em Custommer Success para garantir que desde o primeiro contato a experiÃªncia do cliente seja a mais assertiva e agradÃ¡vel possÃ­vel;- Realizar acompanhamento de carteira personalizado em curto, mÃ©dio e longo prazo;- Cumprir com os requisitos regulatÃ³rios e Ã©ticos relacionados Ã  atividade de assessoria de investimentos;- Se atentar aos movimentos do Mercado Financeiro e acompanhar tendÃªncias econÃ´micas;- Utilizar didÃ¡tica em EducaÃ§Ã£o Financeira capaz de promover uma compreensÃ£o sÃ³lida para tomadas de decisÃ£o;REQUISITOS OBRIGATÃ“RIOS- CertificaÃ§Ã£o na Ancord;- ExperiÃªncia profissional prÃ©via de ao menos 3 anos em InstituiÃ§Ãµes BancÃ¡rias/Mercado Financeiro;- ExperiÃªncia na captaÃ§Ã£o e gestÃ£o de uma carteira de clientes;- Autonomia e proatividade;- Manter o compromisso com a Ã©tica profissional e integridade em todas as interaÃ§Ãµes com os clientes;REQUISITOS DESEJÃVEIS- Habilidades de comunicaÃ§Ã£o verbal e escrita, com habilidade para explicar conceitos financeiros de forma clara e acessÃ­vel;- Conhecimento avanÃ§ado de produtos financeiros, incluindo aÃ§Ãµes, tÃ­tulos pÃºblicos, fundos de investimento, entre outros;- Capacidade de analisar dados financeiros e de mercado;- Familiaridade com alguma plataforma de investimento, software de planejamento financeiro e ferramentas de CRM;Requisitos e qualificaÃ§Ãµes",SVN Investimentos,vacancy_type_associate,2025-06-06T14:23:17.592Z,False,Cascavel,ParanÃ¡,Brasil,https://svninvestimentos.gupy.io/job/eyJqb2JJZCI6OTMxMDgyNywic291cmNlIjoiZ3VweV9wb3J0YWwifQ==?jobBoardSource=gupy_portal,10/06/2025
9277982,68134,Analista de Investimentos SÃªnior,"Venha ser um Scaler! ğŸ’šğŸš€Quem somos?A Scala Data Centers Ã© a plataforma lÃ­der em data centers sustentÃ¡veis no mercado Hyperscale. Com presenÃ§a estratÃ©gica na AmÃ©rica Latina e respaldada por investidores globais, desenvolvemos e operamos infraestrutura digital de ponta, combinando&nbsp;alta eficiÃªncia energÃ©tica, inovaÃ§Ã£o e compromisso com a sustentabilidade&nbsp;para atender Ã s crescentes demandas por computaÃ§Ã£o em nuvem, inteligÃªncia artificial e armazenamento de dados.O que Ã© importante para nÃ³s?Nosso compromisso vai alÃ©m da infraestrutura â€“ trabalhamos para criar impacto positivo nas comunidades onde atuamos e para impulsionar um futuro digital mais eficiente e responsÃ¡vel. Somos reconhecidos por operar de forma 100% sustentÃ¡vel e carbono neutro desde nossa fundaÃ§Ã£o, utilizando exclusivamente energia renovÃ¡vel certificada.NÃ³s temos sede de futuro! ğŸš€Nossos ValoresOBSESSÃƒO PELO CLIENTEInspirar nossos clientes a repensar o futuro.Conhecemos profundamente seus negÃ³cios e necessidades. Temos senso de urgÃªncia, antecipamos impactos e os colocamos no centro da decisÃ£o, assim solucionamos seus problemas e superamos suas expectativas.VIGOR EMPREENDEDORCrescer e expandir com responsabilidade.Somos adaptÃ¡veis e Ã¡geis. Focados em garantir o melhor para a Scala, flexibilizamos e assumimos riscos sem medo de mudar de rota, para sempre entregar mais.DEDICAÃ‡ÃƒO HIPERESCALÃVELExecutar com disciplina, excelÃªncia e velocidade incomparÃ¡veis.Somos consistentes, responsÃ¡veis do inÃ­cio ao fim e evoluÃ­mos sempre. Cumprimos prazos, identificamos a causa raiz e minimizamos a complexidade, conectamos Ã¡reas e fazemos a melhoria contÃ­nua.LEALDADE ABSOLUTAEngajar-se de corpo e alma, com Ã©tica e transparÃªncia, fiÃ©is ao nosso propÃ³sito.Nosso compromisso Ã© inabalÃ¡vel, somos empÃ¡ticos, colaborativos, compartilhamos informaÃ§Ãµes e nÃ£o fugimos de conversas difÃ­ceis para que a Scala alcance seus objetivos.Se vocÃª quer crescer em um ambiente dinÃ¢mico, inovador e comprometido com a sustentabilidade, vem para a Scala e faÃ§a parte do futuro da infraestrutura digital! ğŸš€Responsabilidades e atribuiÃ§ÃµesConstruir as anÃ¡lises de investimento, captaÃ§Ã£o estruturada de recursos via equity e elaboraÃ§Ã£o de apresentaÃ§Ãµes;Construir a modelagem financeira para operaÃ§Ãµes imobiliÃ¡rias e de energia, comparar custos com mercado e preparar materiais de suporte para a tomada de decisÃ£o pelo C-Level da empresa;Dar suporte Ã s atividades de relacionamento com investidores, preparando apresentaÃ§Ãµes e relatÃ³rios periÃ³dicos, e atender a demandas pontuais de atuais e futuros investidoresAtuar na execuÃ§Ã£o de processos de M&amp;A, imobiliÃ¡rios e de energia;Realizar o processo de Due Diligence, em contato direto com os alvos seus assessores e os times internos da Scala;ConstruÃ§Ã£o das bases operacionais para desenvolvimento de contratos (bases de dados, anexos e anÃ¡lises complementares)Requisitos e qualificaÃ§ÃµesOBRIGATÃ“RIOEnsino superior em Engenharia, Economia, AdministraÃ§Ã£o de Empresas ou Ã¡reas afins;InglÃªs avanÃ§adoConhecimento avanÃ§ado em Corporate Finance e Modelagem Financeira (Valuation, MÃºltiplos, Contabilidade, AnÃ¡lise de Investimentos); ExperiÃªncia de 6 meses em M&amp;A /planejamento financeiro e modelagem econÃ´mico-financeira. DESEJÃVELPÃ³s-GraduaÃ§Ã£o ou EspecializaÃ§Ã£o em NegÃ³ciosEspanhol intermediÃ¡rioExperiÃªncia prÃ©via em M&amp;A /planejamento financeiro e modelagem econÃ´mico-financeira.InformaÃ§Ãµes adicionaisğŸš€ PLR atrativo;ğŸ¦· Plano OdontolÃ³gico;ğŸ¥ Plano MÃ©dico;ğŸ½ï¸ Vale RefeiÃ§Ã£o e Vale AlimentaÃ§Ã£o no cartÃ£o flash no valor de R$1.250,00 ao mÃªs;ğŸ’° PrevidÃªncia Privada (para os cargos elegÃ­veis);ğŸ’µ EmprÃ©stimo para colaboradores;&nbsp;Seguro de Vida;ğŸ‹ï¸â€â™€ï¸ Wellhub (antigo Gympass);ğŸ–ï¸ Day off aniversÃ¡rio - um dia de folga no mÃªs do seu aniversÃ¡rio;ğŸ¤“ CapacitaÃ§Ã£o Profissional: Scala Academy, Programa de Idiomas, LinkedIn Learning.",Scala Data Centers,vacancy_type_effective,2025-06-05T20:21:42.753Z,False,Barueri,SÃ£o Paulo,Brasil,https://scaladatacenters.gupy.io/job/eyJqb2JJZCI6OTI3Nzk4Miwic291cmNlIjoiZ3VweV9wb3J0YWwifQ==?jobBoardSource=gupy_portal,10/06/2025
9300114,48316,Analista de Produtos Pleno - Cambio/investimento. ,"A&nbsp;AgÃªncia Estado&nbsp;Ã© uma empresa do Grupo Estado (Jornal O Estado de S. Paulo) e atua no mercado hÃ¡ mais de 50 anos, oferecendo soluÃ§Ãµes para tomada de decisÃ£o de profissionais que atuam nos segmentos financeiro, de agronegÃ³cio, corporativo, polÃ­tico e de energia.A&nbsp;AgÃªncia Estado&nbsp;Ã© lÃ­der no segmento financeiro nacional, com mais de 10 mil assinantes da plataforma Broadcast+, entre instituiÃ§Ãµes financeiras e governamentais, empresÃ¡rios, executivos, investidores pessoas fÃ­sicas e profissionais liberais.Responsabilidades e atribuiÃ§ÃµesDesenvolvimento de Produtos: Contribuir na concepÃ§Ã£o, desenvolvimento e aprimoramento de produtos que atendam Ã s necessidades dos clientes.GestÃ£o do Ciclo de Vida do Produto: Contribuir no gerenciar todas as etapas do ciclo de vida do produto, desde a concepÃ§Ã£o atÃ© o lanÃ§amento e o acompanhamento pÃ³s lanÃ§amento.AnÃ¡lise de Mercado: Identificar oportunidades de mercado, analisar tendÃªncias e necessidades dos clientes.&nbsp;Planejamento EstratÃ©gico: Contribuir na definiÃ§Ã£o da estratÃ©gia de produto, incluindo objetivos, pÃºblico-alvo, diferenciais competitivos e metas.&nbsp;ColaboraÃ§Ã£o Interna: Trabalhar em estreita colaboraÃ§Ã£o com equipes de desenvolvimento, marketing, vendas e suporte ao cliente.&nbsp;LanÃ§amento de Produtos: Participar dos lanÃ§amentos de produtos, coordenando com equipes de relaÃ§Ãµes pÃºblicas e executivas.Requisitos e qualificaÃ§ÃµesÂ·&nbsp;&nbsp;&nbsp;&nbsp;&nbsp;ExperiÃªncia: ExperiÃªncia comprovada em gestÃ£o de produtos ou em posiÃ§Ãµes similares.Â·&nbsp;&nbsp;&nbsp;&nbsp;&nbsp;FormaÃ§Ã£o AcadÃªmica: GraduaÃ§Ã£o em Ã¡reas como AdministraÃ§Ã£o, Marketing, Engenharia, CiÃªncia da ComputaÃ§Ã£o ou afins.Â·&nbsp;&nbsp;&nbsp;&nbsp;&nbsp;FluÃªncia em inglÃªsConhecimentos desejÃ¡veis: Mercado financeiro; sistemas de negociaÃ§Ã£o de ativos, Core BancÃ¡rio, Sistemas de crÃ©dito; Fundos de investimentosDiferenciais: Cursos de gerenciamento de projetos, certificaÃ§Ã£o mercado financeiro, e conhecimento market data.InformaÃ§Ãµes adicionaisAssistÃªncia mÃ©dica e odontolÃ³gica;Day off de aniversÃ¡rio;Casual every day;Vale-transporte;Restaurante Interno;Vale-refeiÃ§Ã£oSeguro de Vida;Acesso ao conteÃºdo digital completo do EstadÃ£o;Descontos exclusivos em instituiÃ§Ãµes de ensino;AuxÃ­lio PsicolÃ³gico - Vittude;Local de Trabalho: Avenida Engenheiro Caetano Ãlvares, 55 - bairro - LimÃ£o - SÃ£o Paulo/SP - Zona Norte.&nbsp;HorÃ¡rio de trabalho: Das 09h00 Ã s 18h00 - de segunda a sexta. HÃ­brido - presencial terÃ§as, quarta e quinta. ",Broadcast | AgÃªncia Estado,vacancy_type_effective,2025-06-05T13:03:29.527Z,False,SÃ£o Paulo,SÃ£o Paulo,Brasil,https://agenciaestado.gupy.io/job/eyJqb2JJZCI6OTMwMDExNCwic291cmNlIjoiZ3VweV9wb3J0YWwifQ==?jobBoardSource=gupy_portal,10/06/2025
9261256,2022,ANL PRODUTOS INVEST JR - SOLUCOES EM INVESTIMENTOS,"A pessoa serÃ¡ responsÃ¡vel por atividades transversais dentro de diversos grupos de trabalho em um projeto no ItaÃº para distribuiÃ§Ã£o de investimentos.  As responsabilidades devem envolver atividades quantitativas, como exercÃ­cios de precificaÃ§Ã£o de produtos, bem como aÃ§Ãµes de relacionamento comercial e atÃ© estratÃ©gicas, como mediaÃ§Ã£o com stakeholders ou entrevistas e mapeamento de mercado.  A ideia Ã© ter visibilidade geral do projeto, passando por diferentes Ã¡reas e ter contato com diferentes assuntos, com muita possibilidade de aprendizado e crescimento.Responsabilidades e atribuiÃ§ÃµesPlanejamento e acompanhamento de atividades  AnÃ¡lises quanti e qualitativas  AnÃ¡lises de priorizaÃ§Ã£o de backlog  Elaborar apresentaÃ§Ãµes  Reportar e acompanhar resultados do projeto  InterlocuÃ§Ã£o com Ã¡reas parceiras Requisitos e qualificaÃ§ÃµesFormaÃ§Ã£o: Superior Completo - AdministraÃ§Ã£o  Idioma: InglÃªs - IntermediÃ¡rio  Tecnologia: Powerpoint , Excel  CertificaÃ§Ã£o:  CompetÃªncias TÃ©cnicas: InformaÃ§Ãµes adicionaisSobre&nbsp;a&nbsp;WMS:A Wealth Management and Services Ã© responsÃ¡vel pela jornada de investimentos dos nossos clientes. Com um ecossistema completo de soluÃ§Ãµes e plataformas, temos atuaÃ§Ã£o desde a estruturaÃ§Ã£o de SoluÃ§Ãµes de Investimentos, passando por serviÃ§os de infraestrutura de custÃ³dia, administraÃ§Ã£o e escrituraÃ§Ã£o de ativos (lettering: Investment Services), atÃ© a gestÃ£o de recursos prÃ³prios, pela nossa Asset, ou de terceiros, pelo Fund of Funds. TambÃ©m somos responsÃ¡veis pelo relacionamento e distribuiÃ§Ã£o dessas soluÃ§Ãµes para nossos clientes com olhar global, sejam eles pessoas fÃ­sicas pelo Ã­on, clientes de altÃ­ssima renda pelo Private Bank, assim como Clientes Institucionais.&nbsp;Sobre&nbsp;a Diretoria de Produtos e SoluÃ§Ãµes dos Investidores (DPSI):Fazemos a gestÃ£o da prateleira e desenvolvemos novos produtos de investimento. Olhamos para toda a jornada do cliente para recomendaÃ§Ã£o e assessoria de investimentos nos diferentes canais (SuperApp, Ãon, Bank Line, Home Broker e Aplicativo da Corretora). Temos foco em produtos simples e tradicionais atÃ© investimentos mais complexos para os mais diversos perfis de clientes.&nbsp;Acompanhamos o desempenho dos produtos, as tendÃªncias de mercado e ouvimos os clientes para garantirmos a qualidade dos nossos produtos e recomendaÃ§Ãµes.â€œNascemos para democratizar investimentos para todos e todas, permitindo que as pessoas alcancem seus objetivos e realizem seus sonhos mais rÃ¡pido. Somos um meio, nunca um fim"".Com quais benefÃ­cios vou poder contar?&nbsp;Vale TransporteVale RefeiÃ§Ã£o (Restaurantes) / Vale AlimentaÃ§Ã£o (Supermercados)ConvÃªnio mÃ©dico e odontolÃ³gicoSeguro de VidaPLR (Mediante resultados do banco)PrevidÃªncia privadaDescontos exclusivos em nossos produtos financeirosLicenÃ§a maternidade estendidaAuxÃ­lio Creche / BabÃ¡ (para papais e mamÃ£es)Incentivo a estudosGym Pass (Mas se preferir temos Bio Ritmo em alguns polos)Acesso aos Clubes ItaÃº (Guarapiranga / ItanhaÃ©m e SÃ£o SebastiÃ£o)+ Algumas vantagens que vocÃª pode conhecer durante o processo ğŸ˜ŠO ItaÃº estimula candidaturas de pessoas com deficiÃªncia em todas as nossas posiÃ§Ãµes, sendo assim, sinta-se Ã  vontade para se candidatar em vagas sinalizadas como exclusivas ou nÃ£o para pessoas com deficiÃªncia. Somos comprometidos com a inclusÃ£o e valorizamos a diversidade.&nbsp;&nbsp;O ItaÃº irÃ¡ utilizar os dados fornecidos para fins de processos seletivos, inclusive em bancos de vagas alocados em plataformas terceiras. Caso deseje solicitar oposiÃ§Ã£o a este uso, ou exercer quaisquer um dos seus direitos, entre em contato atravÃ©s de nossos canais, disponÃ­veis na PolÃ­tica de Privacidade de candidatos do ItaÃº Unibanco (https://www.itau.com.br/privacidade/candidatos/). NÃ£o hÃ¡ necessidade de aceitar, trata-se apenas de uma ciÃªncia.",ItaÃº Unibanco,vacancy_type_effective,2025-06-04T19:35:27.060Z,False,Sao Paulo,SÃ£o Paulo,Brasil,https://vemproitau.gupy.io/job/eyJqb2JJZCI6OTI2MTI1Niwic291cmNlIjoiZ3VweV9wb3J0YWwifQ==?jobBoardSource=gupy_portal,10/06/2025
9274674,68342,"EstÃ¡gio - ComunicaÃ§Ã£o, Marketing e Investimento Social","Somos o Sicoob CrediguaÃ§u, a cooperativa financeira do coraÃ§Ã£o dos nossos associados. Nascemos para fomentar a produtividade rural na regiÃ£o central do Estado de SÃ£o Paulo no ano de 1992 e ganhamos contornos regionais ao longo de nossa trajetÃ³ria. Hoje, somos uma cooperativa de livre admissÃ£o e atuamos em diferentes regiÃµes paulistas levando o Cooperativismo Financeiro a diversas localidades onde, com nossos diferenciais e propÃ³sitos, impactamos a vida de milhÃµes de pessoas. Fazemos parte do maior Sistema Cooperativo Financeiro do Brasil, o Sicoob, e dispomos de uma linha completa de produtos, serviÃ§os, linhas de crÃ©dito e de investimentos com taxas e remuneraÃ§Ãµes competitivas ao serem comparadas com o mercado financeiro tradicional. Quer nos ajudar a mudar a vida de tantas pessoas? Venha fazer parte do Nosso Time!Estamos aumentando nosso Banco de Talentos!Buscamos um EstagiÃ¡rio(a) para fazer parte da nossa equipe. Se vocÃª estÃ¡ buscando desenvolvimento pessoal e profissional, possui perfil comunicativo, Ã© organizado e almeja adquirir conhecimento em ComunicaÃ§Ã£o e Marketing e nas diversas formas de se comunicar com o pÃºblico, esta pode ser a oportunidade perfeita para vocÃª. Como EstagiÃ¡rio(a) de ComunicaÃ§Ã£o, vocÃª serÃ¡ responsÃ¡vel por acompanhar e contribuir com a criaÃ§Ã£o e revisÃ£o de textos, artes, vÃ­deos e demais materiais de divulgaÃ§Ã£o, auxiliar nas postagens dos canais de comunicaÃ§Ã£o da Cooperativa e em outras demandas do setor.Responsabilidades e atribuiÃ§ÃµesRecepÃ§Ã£o, atendimento e instruÃ§Ã£o aos cooperados no autoatendimento;AuxÃ­lio no manuseio dos aplicativos digitais da cooperativa;Apoio nas rotinas internas administrativas, como atendimento telefÃ´nico, arquivo de documentos e serviÃ§os de malote;Contribuir para o atendimento de qualidade aos nossos cooperados;ExperiÃªncia com atendimento ao pÃºblico;Requisitos e qualificaÃ§ÃµesEstar cursando entre o 1Â° e 4Â° perÃ­odo da graduaÃ§Ã£o nos cursos de ComunicaÃ§Ã£o Social (Publicidade e Propaganda, Marketing ou Jornalismo);Boa comunicaÃ§Ã£o;Proatividade;Adaptabilidade;Bom relacionamento em equipe;Pacote office;InformaÃ§Ãµes adicionaisAuxÃ­lio refeiÃ§Ã£o;AuxÃ­lio farmÃ¡cia;Vale transporte;Day-off de aniversÃ¡rio;",Sicoob CrediguaÃ§u ,vacancy_type_internship,2025-06-03T14:41:14.864Z,False,Descalvado,SÃ£o Paulo,Brasil,https://sicoobcrediguacu.gupy.io/job/eyJqb2JJZCI6OTI3NDY3NCwic291cmNlIjoiZ3VweV9wb3J0YWwifQ==?jobBoardSource=gupy_portal,10/06/2025
9275309,60427,ASSESSORES DE INVESTIMENTOS - Academia de Assessores SVNÂ -Â MaringÃ¡/PR ,"ACADEMIA DE ASSESSORESO mercado financeiro Ã© conhecido por oferecer algumas das atividades e remuneraÃ§Ãµes mais atrativas do paÃ­s. A Academia de Assessores, por sua vez, apresenta uma metodologia para capacitar pessoas interessadas em ingressar nesse setor como assessores de investimentos.Nossa metodologia abrange desde a etapa de certificaÃ§Ã£o ANCORD, que Ã© o primeiro passo para se tornar um AI, capacitaÃ§Ã£o tÃ©cnica e comercial, atÃ© a construÃ§Ã£o de uma carteira de clientes em constante evoluÃ§Ã£o.A maior parte do aprendizado Ã© na prÃ¡tica, em contato com situaÃ§Ãµes reais do mercado financeiro. E, Ã© claro, acompanhado por alguns dos melhores assessores de investimento do paÃ­s.&nbsp;A Academia de Assessores te ajudarÃ¡ a conquistar todos os conhecimentos para se tornar um assessor de excelÃªncia.CULTURA E DIVERSIDADENosso compromisso vai alÃ©m dos resultados. Valorizamos as pessoas que integram a nossa equipe. Buscamos uma sociedade mais justa, e Ã© por isso que nossos times sÃ£o compostos por pessoas de diferentes gÃªneros, etnias, formaÃ§Ãµes, idades, vivÃªncias e perspectivas.&nbsp;Reconhecemos que alcanÃ§ar a excelÃªncia nÃ£o Ã© suficiente se nÃ£o considerarmos o modo como isso Ã© feito. Por isso, nos dedicamos a construir um ambiente de trabalho saudÃ¡vel e propÃ­cio Ã  troca de experiÃªncias.Estamos comprometidos em trabalhar ativamente para garantir uma cultura organizacional inclusiva e acolhedora.A Cultura SVN tem como diretrizes:â€¢ Autonomiaâ€¢ Crescimentoâ€¢ OrientaÃ§Ã£o para Pessoasâ€¢ TransparÃªnciaâ€¢ VisÃ£o CompartilhadaETAPAS DA ACADEMIA DE ASSESSORESâ‘  Etapa 1 â€“ PrÃ©-Venda: Desenvolvimento Comercial e ProspecÃ§Ã£o&nbsp;DuraÃ§Ã£o: 6 a 12 mesesNesta fase, focaremos em construir as bases essenciais para suas habilidades comerciais. VocÃª aprenderÃ¡ a qualificar interessados, prospectar novos clientes e utilizar ferramentas comerciais.Para aqueles sem certificaÃ§Ã£o da Ancord, oferecemos a oportunidade de atuar como SDR (Sales Development Representative) enquanto se preparam para a certificaÃ§Ã£o. ContarÃ£o com apoio especializado e material teÃ³rico gratuito para alcanÃ§ar a certificaÃ§Ã£o em atÃ© 6 meses apÃ³s a entrada.â‘¡ Etapa 2 â€“ Connect: Aprimoramento TÃ©cnico e Comercial&nbsp;DuraÃ§Ã£o: 6 a 12 mesesNesta fase, concentramos em trÃªs recursos fundamentais para um assessor de investimento: conhecimento tÃ©cnico, captaÃ§Ã£o e recomendaÃ§Ã£o de clientes. VocÃª terÃ¡ acesso a uma base real de clientes, alÃ©m do suporte do time de especialistas da SVN Investimentos em diversas Ã¡reas financeiras como Renda Fixa, Renda VariÃ¡vel, Internacional, Seguros, CÃ¢mbio, AlocaÃ§Ã£o, Corporate, Wealth Planning e M&amp;A.SerÃ£o meses valiosos, para vocÃª aprimorar a parte tÃ©cnica e comercial dos melhores produtos do mercado financeiro.&nbsp;â‘¢ Etapa 3 - Assessoria: Carreira de Assessor de Investimentos&nbsp;Chegou o momento de dar vida Ã  sua carreira como Assessor de Investimentos apÃ³s passar pelas etapas anteriores.&nbsp;Agora Ã© hora de aplicar todo o conhecimento adquirido. NÃ£o se trata apenas de treinamento, mas sim de colocar em prÃ¡tica o que vocÃª aprendeu. VocÃª terÃ¡ todo o apoio necessÃ¡rio e um time de referÃªncia para acompanhÃ¡-lo nesta jornada. A partir desta etapa, as possibilidades sÃ£o infinitas.&nbsp;APRENDA, SEJA REMUNERADO E COMECE UMA CARREIRA NA SVN INVESTIMENTOSEtapa 1 - PrÃ© - venda: Fixo R$2.000 + bonificaÃ§Ã£o mediante performanceEtapa 2 - Connect: Fixo R$2.000, evoluindo para R$2.500,00 conforme evoluÃ§Ã£o na etapaEtapa 3 - Assessoria: Renda mensal garantida (RMG) de R$2.500 por 12 mesesResponsabilidades e atribuiÃ§ÃµesRequisitos e qualificaÃ§ÃµesğŸ“šFormaÃ§Ã£o em nÃ­vel superior, em andamento ou concluÃ­da;ğŸ¬Perfil comercial, habilidade em comunicaÃ§Ã£o e experiÃªncia prÃ©via com negociaÃ§Ãµes ou vendas;ğŸ¦Interesse pelo mercado financeiro;ğŸ•—Disponibilidade integral de horÃ¡rio para participar do programa.InformaÃ§Ãµes adicionaisBENEFÃCIOS:- Curso e material de estudo para Ancord;- Treinamentos de vendas e de produtos;- BÃ´nus financeiro por performance;- Parcerias;- Onboarding;- Day off de AniversÃ¡rio;- Programa de Partnership.",Academia de Assessores,vacancy_type_associate,2025-06-02T18:17:09.419Z,False,MaringÃ¡,ParanÃ¡,Brasil,https://academia-de-assessores.gupy.io/job/eyJqb2JJZCI6OTI3NTMwOSwic291cmNlIjoiZ3VweV9wb3J0YWwifQ==?jobBoardSource=gupy_portal,10/06/2025
9275191,60427,ASSESSORES DE INVESTIMENTOS - Academia de Assessores SVNÂ -Â Curitiba/PR ,"ACADEMIA DE ASSESSORESO mercado financeiro Ã© conhecido por oferecer algumas das atividades e remuneraÃ§Ãµes mais atrativas do paÃ­s. A Academia de Assessores, por sua vez, apresenta uma metodologia para capacitar pessoas interessadas em ingressar nesse setor como assessores de investimentos.Nossa metodologia abrange desde a etapa de certificaÃ§Ã£o ANCORD, que Ã© o primeiro passo para se tornar um AI, capacitaÃ§Ã£o tÃ©cnica e comercial, atÃ© a construÃ§Ã£o de uma carteira de clientes em constante evoluÃ§Ã£o.A maior parte do aprendizado Ã© na prÃ¡tica, em contato com situaÃ§Ãµes reais do mercado financeiro. E, Ã© claro, acompanhado por alguns dos melhores assessores de investimento do paÃ­s.&nbsp;A Academia de Assessores te ajudarÃ¡ a conquistar todos os conhecimentos para se tornar um assessor de excelÃªncia.CULTURA E DIVERSIDADENosso compromisso vai alÃ©m dos resultados. Valorizamos as pessoas que integram a nossa equipe. Buscamos uma sociedade mais justa, e Ã© por isso que nossos times sÃ£o compostos por pessoas de diferentes gÃªneros, etnias, formaÃ§Ãµes, idades, vivÃªncias e perspectivas.&nbsp;Reconhecemos que alcanÃ§ar a excelÃªncia nÃ£o Ã© suficiente se nÃ£o considerarmos o modo como isso Ã© feito. Por isso, nos dedicamos a construir um ambiente de trabalho saudÃ¡vel e propÃ­cio Ã  troca de experiÃªncias.Estamos comprometidos em trabalhar ativamente para garantir uma cultura organizacional inclusiva e acolhedora.A Cultura SVN tem como diretrizes:â€¢ Autonomiaâ€¢ Crescimentoâ€¢ OrientaÃ§Ã£o para Pessoasâ€¢ TransparÃªnciaâ€¢ VisÃ£o CompartilhadaETAPAS DA ACADEMIA DE ASSESSORESâ‘  Etapa 1 â€“ PrÃ©-Venda: Desenvolvimento Comercial e ProspecÃ§Ã£o&nbsp;DuraÃ§Ã£o: 6 a 12 mesesNesta fase, focaremos em construir as bases essenciais para suas habilidades comerciais. VocÃª aprenderÃ¡ a qualificar interessados, prospectar novos clientes e utilizar ferramentas comerciais.Para aqueles sem certificaÃ§Ã£o da Ancord, oferecemos a oportunidade de atuar como SDR (Sales Development Representative) enquanto se preparam para a certificaÃ§Ã£o. ContarÃ£o com apoio especializado e material teÃ³rico gratuito para alcanÃ§ar a certificaÃ§Ã£o em atÃ© 6 meses apÃ³s a entrada.â‘¡ Etapa 2 â€“ Connect: Aprimoramento TÃ©cnico e Comercial&nbsp;DuraÃ§Ã£o: 6 a 12 mesesNesta fase, concentramos em trÃªs recursos fundamentais para um assessor de investimento: conhecimento tÃ©cnico, captaÃ§Ã£o e recomendaÃ§Ã£o de clientes. VocÃª terÃ¡ acesso a uma base real de clientes, alÃ©m do suporte do time de especialistas da SVN Investimentos em diversas Ã¡reas financeiras como Renda Fixa, Renda VariÃ¡vel, Internacional, Seguros, CÃ¢mbio, AlocaÃ§Ã£o, Corporate, Wealth Planning e M&amp;A.SerÃ£o meses valiosos, para vocÃª aprimorar a parte tÃ©cnica e comercial dos melhores produtos do mercado financeiro.&nbsp;â‘¢ Etapa 3 - Assessoria: Carreira de Assessor de Investimentos&nbsp;Chegou o momento de dar vida Ã  sua carreira como Assessor de Investimentos apÃ³s passar pelas etapas anteriores.&nbsp;Agora Ã© hora de aplicar todo o conhecimento adquirido. NÃ£o se trata apenas de treinamento, mas sim de colocar em prÃ¡tica o que vocÃª aprendeu. VocÃª terÃ¡ todo o apoio necessÃ¡rio e um time de referÃªncia para acompanhÃ¡-lo nesta jornada. A partir desta etapa, as possibilidades sÃ£o infinitas.&nbsp;APRENDA, SEJA REMUNERADO E COMECE UMA CARREIRA NA SVN INVESTIMENTOSEtapa 1 - PrÃ© - venda: Fixo R$2.000 + bonificaÃ§Ã£o mediante performanceEtapa 2 - Connect: Fixo R$2.000, evoluindo para R$2.500,00 conforme evoluÃ§Ã£o na etapaEtapa 3 - Assessoria: Renda mensal garantida (RMG) de R$2.500 por 12 mesesResponsabilidades e atribuiÃ§ÃµesRequisitos e qualificaÃ§ÃµesğŸ“šFormaÃ§Ã£o em nÃ­vel superior, em andamento ou concluÃ­da;ğŸ¬Perfil comercial, habilidade em comunicaÃ§Ã£o e experiÃªncia prÃ©via com negociaÃ§Ãµes ou vendas;ğŸ¦Interesse pelo mercado financeiro;ğŸ•—Disponibilidade integral de horÃ¡rio para participar do programa.InformaÃ§Ãµes adicionaisBENEFÃCIOS:- Curso e material de estudo para Ancord;- Treinamentos de vendas e de produtos;- BÃ´nus financeiro por performance;- Parcerias;- Onboarding;- Day off de AniversÃ¡rio;- Programa de Partnership.",Academia de Assessores,vacancy_type_associate,2025-06-02T18:10:43.519Z,False,Curitiba,ParanÃ¡,Brasil,https://academia-de-assessores.gupy.io/job/eyJqb2JJZCI6OTI3NTE5MSwic291cmNlIjoiZ3VweV9wb3J0YWwifQ==?jobBoardSource=gupy_portal,10/06/2025
9274552,17989,Consultor de Investimentos JÃºnior,"Na AUVP Capital, acreditamos que grandes resultados comeÃ§am com estratÃ©gia, inteligÃªncia e ousadia. Nosso time de consultores Ã© responsÃ¡vel por transformar o mercado financeiro, ajudando investidores a tomarem as melhores decisÃµes e potencializarem seus patrimÃ´nios.Agora, estamos recrutando talentos promissores para nossa tripulaÃ§Ã£o! Se vocÃª quer acelerar sua carreira no mercado financeiro, aprender com os melhores e crescer de forma estruturada, essa Ã© a sua oportunidade.&nbsp;â€â˜ ï¸ ğŸ´â€â˜ ï¸Responsabilidades e atribuiÃ§ÃµesSeu dia a dia: Realizar atendimento por meio de canais digitais de contato, como chat, WhatsApp, telefone e e-mail, mantendo contatos recorrentes;Fazer um atendimento proativo, ou seja, antecipando as necessidades do cliente;Estar constantemente atualizado sobre cenÃ¡rio macroeconÃ´mico, bem como oportunidades de mercado e produtos financeiros;Acompanhar constantemente a carteira de investimentos do cliente com foco em seus objetivos;Saber gerenciar a sua carteira de clientes, com foco em levantar forecast e reduÃ§Ã£o de ciclo comercial para atingimento de metas;Agilidade para otimizar processos e controles internos.Requisitos e qualificaÃ§ÃµesO que esperamos de vocÃª:Ensino superior completo em quaisquer Ã¡reas do conhecimento relacionadas a investimentos, mercado econÃ´mico;CertificaÃ§Ã£o CEA/ANBIMA;Habilidade para a construÃ§Ã£o de relatÃ³rios;Conhecimento sobre produtos financeiros (Renda Fixa, Fundos, Renda VariÃ¡vel, PrevidÃªncia, CÃ¢mbio e afins);Excelente comunicaÃ§Ã£o oral e escrita;EspÃ­rito de equipe e cooperaÃ§Ã£o;Proatividade em oferecer soluÃ§Ãµes;Facilidade para se comunicar com lÃ­deres e clientes.SerÃ£o considerados diferenciais competitivos:Habilidade na construÃ§Ã£o de dashboards;DomÃ­nio do Pacote Office, especificamente Excel;Capacidade de trabalhar de maneira multidisciplinar e em cenÃ¡rios de constantes mudanÃ§as;ExperiÃªncia em banco e atendimento com clientes.InformaÃ§Ãµes adicionaisPor que trabalhar na AUVP Capital?Na AUVP, nÃ£o estamos apenas construindo uma empresa, estamos liderando um movimento. Nosso objetivo Ã©&nbsp;democratizar o acesso ao conhecimento financeiro e transformar vidas&nbsp;â€“ e vocÃª serÃ¡ uma peÃ§a essencial nessa missÃ£o.Aqui vocÃª terÃ¡:Um ambiente onde&nbsp;suas ideias serÃ£o ouvidas, seu crescimento serÃ¡ incentivado e seu impacto serÃ¡ reconhecido;SalÃ¡rio competitivo e&nbsp;benefÃ­cios que realmente fazem a diferenÃ§a:HorÃ¡rio FlexÃ­vel;Vale RefeiÃ§Ã£o/AlimentaÃ§Ã£o;Vale Mobilidade;Vale Cultura;Plano de SaÃºde;Seguro de Vida;HorÃ¡rio FlexÃ­vel;Day Off no aniversÃ¡rio;Acesso gratuito Ã s nossas plataformas de ensino e produtos do nosso ecossistema de marcas.Pronto para mudar o jogo?Se vocÃª acredita que pode ir alÃ©m da simples assessoria de investir e construir relacionamentos que transformam (consultoria),&nbsp;essa vaga Ã© para vocÃª.&nbsp;Na AUVP, cada interaÃ§Ã£o Ã© uma oportunidade de criar algo extraordinÃ¡rio. Inscreva-se e venha fazer parte dessa jornada que estÃ¡ redefinindo o mercado financeiro no Brasil!",AUVP ,vacancy_type_effective,2025-06-02T17:20:36.506Z,True,,,Brasil,https://auvpcapital.gupy.io/job/eyJqb2JJZCI6OTI3NDU1Miwic291cmNlIjoiZ3VweV9wb3J0YWwifQ==?jobBoardSource=gupy_portal,10/06/2025
9272462,5746,Assessor de Investimentos ,"Estamos procurando uma pessoa que faÃ§a a diferenÃ§a em nossa equipe, com a missÃ£o de atender de forma especializada, criando e implementando estratÃ©gias que aumentem o Ã­ndice de penetraÃ§Ã£o dos produtos Investimentos.Responsabilidades e atribuiÃ§ÃµesÂ· Atender de forma prÃ³xima e personalizada, com orientaÃ§Ã£o especializada sobre produtos e serviÃ§os financeiros, incluindo investimentos, planejamento patrimonial e sucessÃ³rio.Â· Apoiar o acompanhamento da carteira de investimentos, para o direcionamento adequado da alocaÃ§Ã£o de recursos.Â· Apoiar a prospecÃ§Ã£o ativa de novos cooperados investidores, observando oportunidades para construir e disseminar melhores prÃ¡ticas de Consultoria de investimentos na Cooperativa.Â· Observar o cumprimento do objetivo proposto, garantindo a sustentabilidade do negÃ³cio.Â· Atuar no planejamento estratÃ©gico estabelecido, monitorando os indicadores de desempenho da consultoria de investimentos, criando estratÃ©gias para a melhoria contÃ­nua.Â· Acompanhar o cenÃ¡rio econÃ´mico e mercado financeiro para apresentar alternativas de investimentos de acordo com os objetivos do cooperado investidor.Â· Apoiar a capacitaÃ§Ã£o de colaboradores e comunidade quanto ao planejamento financeiro e mercado financeiro.Requisitos e qualificaÃ§ÃµesÂ· Ensino superior completo em AdministraÃ§Ã£o, CiÃªncias ContÃ¡beis, Economia ou Ã¡reas correlatas a atividade;Â· PÃ³s-graduaÃ§Ã£o em Ã¡reas correlatas a atividade;&nbsp;Â·&nbsp;CertificaÃ§Ã£o CEA da Anbima;&nbsp;Â· ExperiÃªncia no atendimento interno/externo e mercado financeiro;Â· Disponibilidade para viagens.Conhecimentos tÃ©cnicos necessÃ¡rios:&nbsp;Â· Produtos e serviÃ§os financeiros;Â· Planejamento estratÃ©gico;&nbsp;Â· CenÃ¡rio econÃ´mico;Â· Mercado financeiro;Â· Fundos de Investimento;Â· Consultoria interna e externa;&nbsp;Â· MatemÃ¡tica financeira;Â· Plataforma de Investimentos;Â· Cooperativismo.Valorizamos as pessoas e carregamos os princÃ­pios do cooperativismo, inclusÃ£o e diversidade.Se vocÃª gostou da nossa oportunidade e acredita que farÃ¡ a diferenÃ§a no nosso time, inscreva-se agora e&nbsp;venha cooperar!InformaÃ§Ãµes adicionaisALÃ‰M DE UM AMBIENTE DE ALTA PERFORMANCE E COM GRANDES OPORTUNIDADES, OFERECEMOS AO NOSSO TIME:ğŸ‘¨â€âš•ï¸ AssistÃªncia mÃ©dica: cuidamos da sua saÃºde e da saÃºde da sua famÃ­liağŸ˜„ AssistÃªncia odontolÃ³gica: estimulamos sorrisos saudÃ¡veis para vocÃª e sua famÃ­liağŸ¥— Vale refeiÃ§Ã£o e/ou alimentaÃ§Ã£o: contribuÃ­mos para que vocÃª tenha uma alimentaÃ§Ã£o saudÃ¡vel e equilibradağŸŠ CelebraÃ§Ã£o em datas significativas: adoramos celebrar datas especiais com nosso timeğŸ¥³ Seu dia: day off para que vocÃª possa aproveitar seu aniversÃ¡rio de um jeito todo especialğŸš´â€â™€ï¸ Qualidade de vida: incentivamos seu bem-estar, apoiamos sua prÃ¡tica de qualidade de vidağŸ§“ PrevidÃªncia privada: gostamos de cuidar do futuro das nossas pessoas, para isso, contribuÃ­mos com sua previdÃªncia complementarğŸ”’ Seguro de vida: oferecemos proteÃ§Ã£o para vocÃª, seguranÃ§a Ã© algo importante para nÃ³sğŸ“š Programa de treinamentos: construÃ­mos uma jornada especial para apoiar o seu desenvolvimentoğŸ‘©â€ğŸ’» Plano de carreira: valorizamos e incentivamos seu protagonismo de carreirağŸ“ CooperaÃ§Ã£o para educaÃ§Ã£o: contribuiÃ§Ã£o financeira para o seu desenvolvimento pessoal e profissional, afinal, aprender Ã© a mais nobre buscağŸ¤± Reembolso infantil/babÃ¡: contribuÃ­mos financeiramente, com a formaÃ§Ã£o pedagÃ³gica e educacional do seu filhoğŸ¤µ Vestimenta: vestir-se e sentir-se bem no ambiente de trabalho Ã© essencial, e aqui, apoiamos sua aquisiÃ§Ã£o de peÃ§as&nbsp;&nbsp;ğŸ“– English Pass: parceria exclusiva, incentivamos vocÃª a iniciar ou avanÃ§ar no seu inglÃªsğŸšŒ Vale Transporte: apoiamos o deslocamento dos colaboradores que necessitam de transporteğŸ¤‘ ParticipaÃ§Ã£o nos resultados: reconhecemos e compartilhamos semestralmente os resultados das nossas entregas com nosso time",Unicred Regional ConexÃ£o,vacancy_type_effective,2025-06-02T14:06:45.610Z,False,CuiabÃ¡,Mato Grosso,Brasil,https://unicredcentralconexao.gupy.io/job/eyJqb2JJZCI6OTI3MjQ2Miwic291cmNlIjoiZ3VweV9wb3J0YWwifQ==?jobBoardSource=gupy_portal,10/06/2025
